nta2020,area_km2,heat_count,nonheat_count,heat_per_km2,nonheat_per_km2,z_heat,z_nonheat,service_strain,stress_score
MN01,1.5,30,60,20.0,40.0,-0.5773502691896261,0.5773502691896261,0.0,0.0
MN02,2.0,50,80,25.0,40.0,1.154700538379251,0.5773502691896261,0.8660254037844386,0.8660254037844386
MN03,1.2,24,36,20.0,30.0,-0.5773502691896261,-1.154700538379251,-0.8660254037844386,-0.8660254037844386
